ID,proprorietary_cred_score,rate_adj_factor,race,applic_date,zip
3,15000,17,1,9/18/2017,90210
4,14861,17.2,1,12/15/2017,90210
5,14861,17.2,1,5/26/2016,90210
9,14699,16.8,1,8/5/2016,90210
12,14560,20.4,1,11/12/2017,90210
14,14560,20.5,1,9/8/2016,90210
15,14560,20.5,1,12/13/2017,90210
16,14560,20.5,1,7/1/2016,90210
21,14560,19.7,1,3/31/2016,90210
23,14560,19.6,1,11/2/2017,90210
26,14560,19.7,1,11/17/2017,90210
28,14560,19.7,1,5/24/2017,90210
31,14560,16.7,1,7/18/2017,90210
33,14398,20.9,1,11/16/2017,90210
34,14398,19.2,1,6/14/2016,90210
35,14398,19.1,1,6/22/2017,90210
36,14398,19.2,1,9/15/2016,90210
38,14398,17,1,1/20/2017,90210
39,14398,17,1,11/2/2016,90210
41,14398,16.7,1,11/11/2016,90210
44,14259,18.9,1,1/26/2017,90210
45,14259,18.9,1,11/30/2016,90210
48,14259,17.2,1,3/20/2016,90210
53,14097,21.3,1,4/28/2016,90210
56,14097,17.6,1,6/9/2017,90210
58,14097,17.3,1,6/19/2017,90210
59,14097,16.7,1,3/18/2017,90210
62,13958,18.5,1,2/3/2017,90210
63,13958,18.4,1,10/1/2016,90210
64,13958,17.6,1,9/14/2016,90210
65,13958,17.4,1,5/9/2017,90210
67,13958,16.7,1,10/23/2017,90210
70,13796,21.6,1,10/27/2017,90210
75,13796,17.8,1,11/25/2017,90210
77,13796,17.8,1,6/5/2017,90210
79,13796,17.4,1,11/4/2016,90210
80,13796,17.7,1,10/17/2017,90210
81,13796,16.7,1,10/7/2016,90210
83,13657,21.7,1,11/6/2017,90210
86,13657,16.7,1,1/29/2017,90210
89,13495,17.8,1,12/27/2016,90210
90,13495,17.8,1,1/7/2016,90210
91,13495,16.8,1,6/23/2017,90210
92,13333,21.9,1,10/14/2016,90210
95,13333,17,1,11/16/2017,90210
98,13333,16.9,1,7/24/2017,90210
102,13333,16.8,1,10/6/2016,90210
104,13194,22,1,10/29/2017,90210
108,13194,17.1,1,10/4/2017,90210
109,13194,16.8,1,4/27/2017,90210
112,13032,17.7,1,12/4/2016,90210
113,13032,17.3,1,11/7/2016,90210
114,12894,22.2,1,4/8/2017,90210
116,12894,17.8,1,10/15/2016,90210
119,12894,17.4,1,5/3/2017,90210
121,12894,16.8,1,6/26/2017,90210
126,12731,23.7,1,1/1/2017,90210
130,12731,23.8,1,5/20/2016,90210
131,12731,22.4,1,7/31/2017,90210
135,12731,17.4,1,10/26/2017,90210
136,12731,16.8,1,12/7/2017,90210
138,12593,25.1,1,1/6/2016,90210
144,12593,22.5,1,5/3/2016,90210
146,12593,17.7,1,5/4/2016,90210
147,12593,17.5,1,4/17/2017,90210
149,12431,25.4,1,11/24/2017,90210
150,12431,25.3,1,9/5/2016,90210
151,12431,22.9,1,11/26/2016,90210
156,12431,17.6,1,4/17/2017,90210
162,12292,25.5,1,8/3/2017,90210
164,12292,22.7,1,1/13/2017,90210
167,12292,17.7,1,8/21/2017,90210
168,12292,17.7,1,8/27/2016,90210
174,12130,25.7,1,4/25/2017,90210
175,12130,25.7,1,2/1/2017,90210
176,12130,22.4,1,8/19/2017,90210
177,12130,22.4,1,8/9/2017,90210
179,12130,17.8,1,8/25/2017,90210
180,12130,17.7,1,10/8/2016,90210
185,11968,22.3,1,3/14/2016,90210
189,11829,29.7,1,9/22/2017,90210
192,11829,28.9,1,8/7/2016,90210
194,11829,25.9,1,7/27/2016,90210
195,11829,25.9,1,2/4/2016,90210
196,11829,22.1,1,12/15/2016,90210
197,11829,22.1,1,4/2/2017,90210
199,11829,19,1,7/9/2016,90210
200,11829,18.2,1,8/14/2016,90210
203,11829,17.3,1,9/21/2016,90210
205,11829,17.8,1,12/17/2017,90210
208,11667,29.5,1,8/21/2017,90210
210,11667,28.6,1,2/6/2016,90210
211,11667,28.5,1,1/2/2017,90210
215,11667,19.2,1,11/4/2016,90210
216,11667,19.2,1,12/7/2016,90210
219,11667,17.9,1,1/26/2016,90210
221,11667,17.3,1,12/12/2017,90210
223,11528,29.5,1,7/16/2016,90210
228,11528,21.8,1,12/9/2016,90210
233,11528,18.1,1,6/24/2017,90210
235,11528,18.1,1,4/6/2017,90210
237,11528,17.3,1,4/27/2016,90210
240,11366,29.4,1,3/25/2017,90210
241,11366,29.3,1,7/12/2017,90210
245,11366,21.7,1,1/5/2017,90210
247,11366,17.8,1,9/13/2017,90210
249,11227,29.8,1,8/21/2016,90210
250,11227,29.7,1,8/23/2016,90210
253,11227,29.5,1,8/13/2016,90210
254,11227,29.5,1,12/22/2017,90210
258,11227,28.7,1,11/19/2017,90210
259,11227,28.7,1,6/23/2016,90210
260,11227,28.7,1,8/13/2017,90210
262,11227,28.2,1,11/16/2016,90210
269,11227,17.7,1,9/10/2017,90210
270,11065,30,1,4/3/2017,10001
272,11065,29.9,1,4/23/2016,10001
274,11065,28.2,1,8/6/2017,10001
277,11065,28.3,1,9/4/2017,10001
279,11065,21.4,1,5/15/2017,10001
281,11065,19.5,1,4/19/2016,10001
282,11065,19.5,1,7/10/2017,10001
283,11065,17.4,1,10/21/2017,10001
284,11065,17.3,1,12/11/2016,10001
288,11065,17.4,1,3/12/2016,10001
289,11065,17.4,1,1/19/2017,10001
293,10926,28.1,1,3/28/2017,10001
297,10926,21.3,1,8/21/2017,10001
298,10926,21.3,1,5/9/2016,10001
300,10926,19.6,1,9/16/2017,10001
302,10764,30.3,1,3/14/2016,10001
305,10764,27.8,1,4/25/2017,10001
306,10764,27.3,1,10/3/2017,10001
308,10764,27.3,1,1/22/2017,10001
310,10764,26.2,1,4/15/2017,10001
311,10764,26.2,1,5/5/2017,10001
313,10764,21,1,11/13/2016,10001
314,10764,21.1,1,11/26/2017,10001
318,10625,30.5,1,8/5/2017,10001
320,10625,29.9,1,11/13/2017,10001
321,10625,28.9,1,11/14/2017,10001
328,10625,26,1,5/6/2016,10001
329,10625,25.9,1,6/11/2016,10001
330,10625,20.8,1,1/5/2017,10001
332,10625,20.8,1,11/7/2016,10001
333,10625,19.7,1,1/1/2017,10001
334,10463,31.3,1,1/7/2017,10001
335,10463,31.4,1,10/18/2016,10001
337,10463,30.7,1,1/2/2016,10001
338,10463,30.6,1,10/7/2017,10001
341,10463,28.6,1,5/31/2017,10001
343,10463,28.6,1,1/23/2017,10001
347,10463,27.5,1,5/27/2017,10001
351,10463,20.3,1,11/1/2016,10001
357,10301,31.3,1,7/15/2016,10001
360,10301,30.2,1,12/21/2017,10001
365,10301,28,1,2/1/2016,10001
367,10301,27.9,1,2/12/2016,10001
372,10301,27.2,1,5/27/2017,10001
375,10301,26.9,1,10/17/2017,10001
376,10301,26.9,1,4/21/2016,10001
377,10301,26.9,1,3/27/2016,10001
379,10301,27,1,11/9/2016,10001
383,10301,25.6,1,10/23/2016,10001
385,10301,19.5,1,1/7/2017,77001
386,10301,19.5,1,2/1/2016,77001
387,10301,19.5,1,5/9/2016,77001
391,10162,31.2,1,9/8/2016,77001
393,10162,30.9,1,3/8/2017,77001
397,10162,29.9,1,7/31/2016,77001
398,10162,29.5,1,8/23/2017,77001
399,10162,29.5,1,8/26/2017,77001
401,10162,28.2,1,10/3/2017,77001
405,10162,26.4,1,7/20/2017,77001
406,10162,25.6,1,10/7/2016,77001
407,10162,26.4,1,12/10/2016,77001
409,10162,19.1,1,5/17/2017,77001
410,10162,19.1,1,1/9/2017,77001
411,10162,19.1,1,1/18/2017,77001
413,10000,31.2,1,1/29/2016,77001
416,10000,30,1,11/10/2016,77001
418,10000,29.6,1,11/3/2016,77001
419,10000,29.6,1,12/28/2017,77001
422,10000,26.9,1,5/14/2016,85281
423,10000,25.5,1,3/9/2017,85281
428,9861,31.5,1,10/2/2016,85281
431,9861,31.1,1,8/15/2016,85281
432,9861,30.3,1,2/10/2017,85281
433,9861,30.1,1,2/13/2016,85281
435,9861,29.6,1,4/22/2016,85281
438,9861,29,1,6/12/2017,85281
439,9861,29.1,1,11/21/2016,85281
442,9861,26.3,1,8/21/2016,85281
446,9699,31.5,1,7/12/2016,85281
447,9699,31.2,1,12/11/2016,85281
448,9699,30.3,1,2/24/2016,85281
449,9699,30.1,1,8/18/2017,85281
450,9699,29.6,1,10/31/2017,85281
452,9699,28.9,1,5/24/2017,85281
454,9699,26.8,1,5/15/2016,85281
455,9699,26.8,1,3/25/2017,85281
457,9699,26.3,1,12/6/2017,85281
460,9699,18.3,1,1/27/2017,85281
461,9560,31.5,1,1/4/2016,85281
463,9560,31.2,1,4/3/2016,85281
468,9560,26.8,1,5/1/2017,85281
471,9560,24.7,1,12/1/2017,85281
472,9560,24.7,1,7/31/2017,85281
473,9560,24,1,8/19/2017,85281
475,9560,24,1,8/23/2016,85281
478,9560,18.1,1,8/1/2016,85281
479,9560,18.1,1,10/24/2017,85281
483,9398,30.3,1,10/4/2016,85281
484,9398,30.1,1,5/1/2016,85281
485,9398,30.1,1,2/19/2017,85281
491,9398,29.3,1,7/18/2017,85281
497,9398,29.1,1,4/25/2017,85281
498,9398,29.5,1,10/18/2016,85281
500,9398,29.2,1,4/1/2017,85281
502,9398,28.1,1,12/18/2017,85281
504,9398,28.1,1,6/30/2017,85281
506,9398,27.8,1,5/18/2017,85281
512,9398,24.9,1,2/21/2016,85281
513,9398,23.6,1,5/7/2016,85281
517,9398,18,1,4/13/2017,85281
519,9259,31.6,1,1/13/2017,85281
525,9259,29.4,1,5/8/2017,85281
527,9259,29.5,1,7/28/2017,85281
531,9259,29.4,1,8/9/2016,85281
532,9259,29.1,1,2/10/2016,85281
538,9259,29.3,1,6/4/2017,85281
539,9259,29.1,1,2/5/2017,85281
541,9259,29.5,1,10/14/2017,85281
542,9259,29.5,1,10/19/2017,85281
543,9259,29.1,1,3/12/2017,85281
544,9259,29.5,1,10/19/2016,85281
547,9259,29.2,1,3/30/2017,85281
551,9259,27.6,1,12/7/2017,85281
553,9259,26.7,1,10/13/2017,85281
554,9259,26.2,1,1/19/2017,85281
555,9259,25.2,1,6/1/2017,85281
556,9259,25,1,5/3/2017,85281
560,9259,23.3,1,11/24/2016,85281
563,9097,31.7,1,1/30/2017,85281
564,9097,31.7,1,3/23/2016,85281
565,9097,31.7,1,8/13/2016,85281
569,9097,30.1,1,3/30/2017,85281
570,9097,29.5,1,7/30/2016,85281
573,9097,29.4,1,11/21/2016,85281
574,9097,29.3,1,1/11/2016,85281
576,9097,29.2,1,10/26/2017,85281
578,9097,29.4,1,9/22/2017,85281
580,9097,29.1,1,6/4/2016,85281
582,9097,29.1,1,2/7/2016,85281
586,9097,29.2,1,12/1/2017,85281
588,9097,28.8,1,11/27/2017,85281
592,9097,29.2,1,7/3/2017,85281
594,9097,27.6,1,12/1/2016,85281
601,9097,23,1,4/2/2016,85281
602,9097,23,1,2/1/2016,85281
604,9097,17.5,1,2/17/2017,85281
605,9097,17.4,1,1/24/2017,85281
612,9097,17.4,1,12/31/2017,85281
613,9097,15.9,1,3/19/2016,85281
617,9097,17.5,1,11/3/2016,85281
618,8935,31.8,1,4/15/2017,85281
619,8935,31.9,1,9/19/2017,85281
620,8935,31.4,1,5/5/2017,85281
622,8935,30.2,1,10/15/2017,85281
629,8935,29.3,1,6/8/2016,85281
630,8935,29.3,1,9/6/2017,20001
631,8935,29.3,1,12/26/2016,20001
633,8935,29.2,1,9/18/2016,20001
637,8935,29.4,1,8/12/2016,20001
638,8935,28.9,1,1/22/2017,20001
639,8935,29.4,1,8/24/2017,20001
640,8935,29.3,1,9/18/2016,20001
642,8935,28.2,1,11/18/2017,20001
644,8935,28.2,1,8/8/2017,20001
645,8935,27.7,1,5/6/2017,20001
646,8935,27.6,1,10/26/2017,20001
647,8935,26.7,1,8/19/2017,20001
649,8935,25.2,1,9/17/2016,20001
651,8935,22.7,1,7/13/2017,20001
653,8935,17.1,1,11/19/2017,20001
654,8935,17.1,1,4/7/2016,20001
655,8935,15.5,1,4/20/2016,20001
658,8796,31.5,1,11/23/2017,20001
661,8796,29.5,1,5/4/2016,20001
665,8796,27.8,1,9/30/2016,20001
666,8796,26.7,1,2/29/2016,20001
667,8796,26.7,1,8/7/2017,20001
668,8796,26.1,1,12/29/2016,20001
670,8796,25.2,1,2/7/2016,20001
675,8796,17.2,1,4/18/2016,20001
680,8796,17.3,1,5/17/2017,20001
684,8796,16.4,1,5/9/2016,20001
686,8796,16.4,1,6/3/2017,20001
688,8634,32,1,11/30/2017,20001
689,8634,31.9,1,10/24/2017,20001
690,8634,31.9,1,5/2/2017,20001
692,8634,31.5,1,5/10/2017,20001
693,8634,31.5,1,12/2/2017,20001
694,8634,30.2,1,4/25/2016,20001
696,8634,29.6,1,5/1/2017,20001
698,8634,28.4,1,8/22/2017,20001
700,8634,27.7,1,7/17/2017,20001
701,8634,28.1,1,4/6/2017,20001
702,8634,26.7,1,3/16/2017,20001
704,8634,25.1,1,8/15/2017,20001
708,8634,17.5,1,11/29/2016,20001
709,8495,31.8,1,4/1/2016,20001
710,8495,31.8,1,7/26/2017,20001
711,8495,31.5,1,3/25/2016,20001
713,8495,29.9,1,5/5/2016,20001
714,8495,29.9,1,6/26/2017,20001
715,8495,29.9,1,1/27/2016,20001
720,8495,28.4,1,7/7/2017,20001
721,8495,26.7,1,1/15/2016,20001
723,8495,25.1,1,3/28/2017,20001
725,8495,22.3,1,7/23/2017,20001
728,8495,15.3,1,8/31/2016,20001
729,8333,31.9,1,12/26/2016,20001
731,8333,31.5,1,4/24/2017,20001
732,8333,28.6,1,4/22/2017,20001
733,8333,28.4,1,7/11/2017,20001
735,8333,27.9,1,12/5/2017,20001
736,8333,26.7,1,2/3/2016,20001
740,8333,22.2,1,8/27/2017,20001
745,8194,31.5,1,10/2/2016,20001
746,8194,30.2,1,4/15/2016,20001
747,8194,28.5,1,8/3/2016,20001
749,8194,28.4,1,5/27/2017,20001
754,8194,25.1,1,11/14/2017,20001
756,8194,22.1,1,3/8/2016,20001
759,8032,31.9,1,10/4/2017,20001
760,8032,31.5,1,6/8/2017,20001
761,8032,30.2,1,10/17/2016,20001
762,8032,28.4,1,6/26/2017,20001
763,8032,28.4,1,8/11/2016,20001
764,8032,27.9,1,10/15/2016,20001
765,8032,27.9,1,9/15/2016,20001
766,8032,26.7,1,1/26/2016,20001
768,8032,26.1,1,2/10/2016,20001
770,8032,25.1,1,5/25/2016,20001
772,8032,23.4,1,8/2/2016,20001
773,8032,23.4,1,7/4/2017,20001
775,8032,22.6,1,1/18/2016,20001
777,8032,22.6,1,1/19/2017,20001
779,8032,22.6,1,1/17/2017,20001
780,8032,21.9,1,8/9/2016,20001
781,8032,21.9,1,2/10/2017,20001
782,8032,22.6,1,1/28/2016,20001
784,8032,17.7,1,8/9/2017,20001
787,7894,31.5,1,5/4/2016,20001
788,7894,30.2,1,8/9/2017,20001
790,7894,29.9,1,5/30/2017,20001
791,7894,29.5,1,12/30/2017,20001
793,7894,29.5,1,11/8/2017,20001
795,7894,28,1,1/6/2016,20001
797,7894,26.7,1,4/2/2016,20001
798,7894,26.1,1,7/31/2017,20001
800,7894,25.1,1,7/10/2017,20001
801,7894,21.8,1,11/30/2016,20001
804,7894,17.7,1,2/13/2016,20001
805,7731,32,1,3/3/2016,20001
809,7731,30,1,11/21/2016,20001
810,7731,29.4,1,8/31/2016,20001
813,7731,29.3,1,5/22/2016,20001
815,7731,29.1,1,9/20/2016,20001
816,7731,29.1,1,12/14/2017,20001
817,7731,29.1,1,8/14/2016,20001
821,7731,28.4,1,1/31/2017,20001
822,7731,29.3,1,10/19/2016,20001
823,7731,28.4,1,10/14/2017,20001
826,7731,26.4,1,7/25/2017,20001
830,7731,26.4,1,8/22/2017,20001
833,7731,26.3,1,8/8/2016,20001
834,7731,26.1,1,3/18/2016,20001
835,7731,26.3,1,1/2/2017,20001
836,7731,26.5,1,7/31/2017,20001
837,7731,26.4,1,10/19/2016,20001
838,7731,26.5,1,2/14/2017,20001
839,7731,26.6,1,1/22/2016,20001
841,7731,26.5,1,1/22/2016,20001
842,7731,26.7,1,3/14/2017,20001
844,7731,21.7,1,4/24/2017,20001
846,7731,17.6,1,6/16/2016,20001
849,7593,30.3,1,3/30/2017,20001
852,7593,28.8,1,1/2/2017,20001
853,7593,28.9,1,6/13/2017,20001
854,7593,28.1,1,8/18/2016,20001
859,7593,21.5,1,5/24/2016,20001
860,7593,21.5,1,6/5/2017,20001
861,7593,17.4,1,3/14/2016,20001
862,7593,17.4,1,2/20/2016,20001
865,7431,31.7,1,3/6/2017,20001
868,7431,30.3,1,2/16/2016,20001
870,7431,30,1,6/6/2016,20001
873,7431,29.4,1,8/18/2016,20001
874,7431,29.3,1,7/8/2017,20001
875,7431,29.3,1,6/16/2016,20001
877,7431,29.2,1,12/10/2017,20001
879,7431,29.2,1,5/14/2017,20001
880,7431,29.3,1,6/15/2016,20001
882,7431,29.1,1,2/3/2016,20001
883,7431,29.1,1,2/9/2016,20001
884,7431,28.7,1,4/8/2017,20001
886,7431,29.1,1,8/7/2016,20001
892,7431,27.8,1,10/7/2016,20001
893,7431,28.2,1,5/11/2017,20001
895,7431,26.1,1,8/25/2017,20001
897,7431,21.3,1,5/26/2016,20001
898,7431,21.3,1,4/24/2017,20001
901,7431,17.6,1,7/13/2016,20001
903,7431,17.6,1,2/12/2017,20001
904,7431,15.4,1,3/2/2017,20001
906,7269,31.8,1,3/17/2017,20001
907,7269,31.7,1,2/19/2016,20001
909,7269,31.4,1,2/13/2016,20001
911,7269,30,1,1/4/2017,20001
916,7269,29.2,1,5/2/2017,20001
918,7269,29.2,1,10/18/2016,20001
919,7269,29.1,1,11/11/2016,20001
923,7269,29.1,1,10/24/2017,20001
924,7269,29.2,1,12/8/2016,20001
926,7269,29.1,1,9/20/2016,20001
927,7269,29.3,1,4/28/2016,20001
928,7269,29.2,1,7/24/2016,20001
930,7269,29.3,1,9/25/2016,20001
931,7269,28.7,1,9/29/2016,20001
933,7269,29,1,11/18/2017,20001
934,7269,29,1,6/17/2016,20001
935,7269,29,1,2/28/2017,20001
937,7269,28.1,1,7/4/2017,20001
938,7269,27.5,1,10/5/2016,20001
939,7269,26.1,1,5/21/2017,20001
941,7269,25.2,1,2/26/2016,20001
942,7269,26.7,1,7/24/2017,20001
943,7269,21.6,1,4/26/2017,20001
946,7269,17.8,1,8/16/2016,20001
948,7130,31.3,1,3/27/2016,20001
950,7130,30.4,1,8/2/2017,20001
952,7130,30,1,7/27/2017,20001
958,7130,29.4,1,9/25/2017,20001
960,7130,29.1,1,4/25/2016,20001
961,7130,29.2,1,6/8/2016,20001
964,7130,29.1,1,7/25/2017,20001
966,7130,29.1,1,6/29/2017,20001
967,7130,29.3,1,7/17/2017,20001
968,7130,29.4,1,11/26/2017,20001
970,7130,29.2,1,4/17/2017,20001
972,7130,29,1,12/25/2017,20001
973,7130,28.7,1,2/2/2016,20001
974,7130,29.2,1,4/2/2017,20001
978,7130,28.1,1,6/22/2016,20001
979,7130,29,1,9/21/2016,20001
984,7130,27.5,1,5/7/2016,20001
985,7130,26.8,1,12/9/2017,20001
988,7130,26.1,1,1/11/2016,20001
990,7130,20.8,1,10/9/2017,20001
993,7130,17.7,1,10/13/2016,20001
996,6968,31.6,1,3/14/2016,20001
997,6968,31.2,1,7/18/2016,20001
998,6968,31.2,1,9/11/2017,20001
1003,6968,29.5,2,3/25/2016,20001
1004,6968,29.5,2,10/12/2016,20001
1005,6968,29.5,2,3/10/2017,20001
1006,6968,29.2,2,5/5/2017,20001
1007,6968,29,2,8/14/2016,20001
1008,6968,29.1,2,12/17/2016,20001
1009,6968,29.1,2,2/10/2016,20001
1017,6968,27.7,2,10/3/2017,20001
1018,6968,27.7,2,2/6/2017,20001
1021,6968,26.8,2,1/1/2017,20001
1023,6968,25.3,2,1/22/2016,20001
1030,6829,31.6,2,1/18/2016,20001
1031,6829,31.2,2,4/5/2017,20001
1032,6829,30.4,2,6/24/2016,20741
1035,6829,29.5,2,1/29/2017,20741
1036,6829,28.8,2,12/24/2016,20741
1037,6829,28.8,2,7/1/2017,20741
1038,6829,26.8,2,6/4/2017,20741
1040,6829,26.2,2,12/27/2017,20741
1041,6829,25.2,2,9/10/2017,20741
1042,6829,25.3,2,4/5/2017,20741
1043,6829,21.6,2,11/1/2016,20741
1045,6829,20.6,2,1/17/2017,20741
1048,6829,20.3,2,5/12/2017,20741
1049,6829,17.8,2,4/21/2017,20741
1050,6829,17.8,2,4/21/2016,20741
1051,6829,17.8,2,8/8/2016,20741
1053,6667,31.6,2,4/28/2017,20741
1054,6667,31.1,2,2/13/2016,20741
1056,6667,30.4,2,11/8/2017,20741
1058,6667,29.5,2,7/2/2017,20741
1059,6667,28.9,2,5/3/2017,20741
1060,6667,28.9,2,12/1/2017,20741
1062,6667,26.9,2,1/12/2017,20741
1065,6667,26.3,2,11/21/2016,20741
1067,6667,26.3,2,7/21/2016,20741
1069,6667,26.4,2,2/16/2017,20741
1071,6667,25.1,2,1/7/2016,20741
1072,6667,25.1,2,7/8/2016,20741
1073,6667,21.6,2,2/20/2017,20741
1075,6667,20.7,2,6/16/2016,20741
1076,6667,20.8,2,1/7/2016,20741
1077,6667,20.7,2,3/19/2016,20741
1078,6667,19.9,2,7/18/2017,20741
1079,6667,19.8,2,3/29/2016,20741
1080,6667,19.8,2,8/15/2016,20741
1089,6528,30.3,2,6/28/2017,20741
1090,6528,30.3,2,5/17/2016,20741
1091,6528,29.9,2,1/11/2017,20741
1094,6528,29.5,2,7/29/2016,20741
1095,6528,29.2,2,3/17/2016,20741
1096,6528,29.2,2,3/29/2016,20741
1098,6528,29.3,2,2/13/2017,20741
1099,6528,29.2,2,12/20/2016,20741
1103,6528,28.2,2,3/30/2017,20741
1105,6528,26.9,2,12/31/2016,20741
1108,6528,25.5,2,12/4/2016,20741
1110,6528,25,2,9/6/2016,20741
1111,6528,21.6,2,2/5/2016,20741
1112,6528,21,2,2/19/2016,20741
1113,6528,21,2,6/11/2016,20740
1116,6528,21.1,2,8/20/2016,20740
1117,6528,19.4,2,3/16/2017,20740
1122,6528,19.3,2,4/24/2017,20740
1125,6528,19.3,2,8/28/2017,20740
1126,6528,19.2,2,9/3/2017,20740
1130,6528,17.8,2,4/20/2017,20740
1131,6528,17.8,2,4/5/2017,20740
1133,6366,31.4,2,2/7/2017,20740
1135,6366,31.3,2,1/19/2017,20740
1137,6366,31.4,2,2/14/2017,14623
1138,6366,31.1,2,10/8/2017,14623
1139,6366,31.2,2,5/29/2016,14623
1141,6366,30.9,2,5/1/2016,14623
1142,6366,30.3,2,12/20/2017,14623
1143,6366,30.3,2,12/29/2016,14623
1144,6366,29.8,2,5/25/2017,14623
1145,6366,29.8,2,10/7/2017,14623
1149,6366,28.2,2,7/8/2016,14623
1150,6366,28.1,2,3/22/2016,14623
1151,6366,27.5,2,2/11/2017,14623
1153,6366,28.2,2,8/29/2017,14623
1154,6366,27.1,2,10/12/2017,14623
1157,6366,26.4,2,8/3/2016,14623
1159,6366,25.6,2,4/29/2017,14623
1161,6366,24.9,2,8/21/2017,14623
1162,6366,21.7,2,8/1/2017,14623
1164,6366,21.3,2,10/25/2016,14623
1166,6366,18.1,2,4/2/2017,14623
1167,6366,18.1,2,10/31/2016,14623
1168,6366,17.8,2,8/31/2017,14623
1169,6366,18.1,2,7/30/2016,14623
1171,6227,31,2,1/10/2017,14623
1173,6227,31,2,3/16/2016,14623
1174,6227,31,2,4/6/2016,14623
1175,6227,30.9,2,3/9/2016,14623
1176,6227,30.9,2,8/1/2017,14623
1178,6227,30.8,2,7/9/2017,14623
1181,6227,29.6,2,4/13/2017,14623
1183,6227,29.6,2,6/29/2016,20002
1186,6227,28.4,2,8/15/2016,20002
1188,6227,27.9,2,1/5/2016,20002
1189,6227,28,2,9/26/2017,20002
1190,6227,27.2,2,6/16/2016,20002
1191,6227,27.5,2,12/21/2016,20002
1195,6227,27.2,2,12/1/2016,20002
1197,6227,26.5,2,1/31/2016,20002
1199,6227,25.6,2,7/17/2017,20002
1202,6227,24.8,2,2/14/2016,20002
1203,6227,24.7,2,9/28/2016,20002
1204,6227,21.3,2,12/22/2017,20002
1205,6227,21.7,2,7/13/2017,20002
1207,6227,21.5,2,8/9/2017,20002
1208,6227,17.5,2,10/7/2017,20002
1212,6227,15.8,2,9/27/2017,14623
1215,6065,30.6,2,3/26/2017,14623
1216,6065,30.1,2,7/20/2017,14623
1220,6065,27.8,2,10/14/2016,14623
1222,6065,27.4,2,1/12/2016,14623
1223,6065,27.5,2,2/26/2017,14623
1224,6065,25.8,2,10/18/2016,14623
1227,6065,24.6,2,4/26/2016,14623
1229,6065,21.8,2,9/4/2016,14623
1232,6065,21.3,2,6/25/2017,14623
1236,6065,17.6,2,7/1/2017,14623
1237,6065,17.2,2,9/15/2016,14623
1239,6065,16,2,4/11/2017,14623
1244,5903,29.9,2,6/9/2016,14623
1246,5903,28.9,2,3/1/2017,14623
1247,5903,28.9,2,6/13/2017,14623
1248,5903,27.7,2,4/2/2016,14623
1253,5903,25.9,2,8/10/2016,14623
1256,5903,24.4,2,10/5/2016,14623
1259,5903,21.9,2,10/27/2016,14623
1260,5903,21.2,2,10/3/2016,14623
1261,5903,21.2,2,1/14/2017,14623
1264,5903,17,2,3/14/2016,14623
1265,5764,30.4,2,1/2/2017,14623
1269,5764,27.9,2,12/15/2016,14623
1272,5764,27.2,2,12/18/2017,14623
1274,5764,27.3,2,7/2/2017,14623
1277,5764,26.2,2,1/17/2017,14623
1278,5764,26.2,2,11/29/2016,14623
1281,5764,24.1,2,9/26/2017,14623
1284,5764,22.1,2,11/25/2016,14623
1285,5764,22.1,2,12/12/2016,14623
1286,5764,21.1,2,12/25/2016,90045
1287,5764,21.1,2,12/10/2016,90045
1288,5764,17.6,2,3/4/2016,90045
1290,5764,17,2,10/28/2017,90045
1293,5602,28.1,2,12/7/2016,90045
1294,5602,28.1,2,4/25/2017,90045
1297,5602,26.3,2,3/29/2017,90045
1298,5602,23.7,2,2/16/2017,90045
1300,5602,23.8,2,8/2/2017,90045
1301,5602,23.8,2,11/22/2016,90045
1302,5602,22.4,2,10/25/2016,90045
1304,5602,22.5,2,1/24/2016,90045
1305,5602,21,2,6/21/2017,90045
1307,5602,17,2,10/13/2016,90045
1309,5602,17.7,2,9/23/2017,90045
1310,5463,30,2,10/25/2017,90045
1311,5463,29.9,2,4/7/2016,90045
1315,5463,28.2,2,1/13/2017,90045
1316,5463,28.3,2,6/14/2016,14623
1319,5463,20.9,2,4/18/2016,14623
1321,5463,17.7,2,5/19/2016,14623
1322,5463,17,2,11/5/2016,14623
1324,5301,29.8,2,8/7/2016,14623
1326,5301,29.6,2,2/1/2017,14623
1329,5301,28.8,2,9/15/2017,14623
1330,5301,28.7,2,7/3/2016,14623
1331,5301,28.7,2,6/14/2017,14623
1332,5301,28.7,2,8/13/2016,14623
1333,5301,28.7,2,10/8/2017,14623
1335,5301,28.7,2,8/10/2016,14623
1336,5301,28.2,2,3/27/2016,14623
1337,5301,26.3,2,9/2/2017,14623
1338,5301,26.3,2,6/10/2016,14623
1340,5301,23.4,2,10/22/2017,14623
1342,5301,20.6,2,4/26/2016,14623
1343,5301,20.7,2,10/30/2016,14623
1347,5301,19.2,2,5/18/2017,14623
1349,5301,19,2,5/2/2017,14623
1350,5301,19.1,2,10/25/2017,14623
1353,5301,19.2,2,1/17/2017,14623
1354,5301,19,2,9/1/2016,14623
1355,5301,19.1,2,2/20/2017,14623
1357,5301,18.3,2,10/20/2017,14623
1359,5301,19,2,2/12/2016,14623
1361,5301,18.4,2,3/15/2017,14623
1365,5301,18.3,2,12/18/2016,14623
1368,5162,29.8,2,9/21/2017,14623
1369,5162,29.4,2,12/20/2017,14623
1372,5162,26.3,2,8/25/2016,14623
1374,5162,23.5,2,8/8/2016,14623
1375,5162,20.3,2,1/20/2017,14623
1376,5162,20.4,2,2/15/2017,14623
1377,5162,19.9,2,11/22/2016,14623
1378,5162,20.3,2,8/10/2017,14623
1381,5162,19.9,2,3/19/2016,14623
1383,5162,20,2,1/21/2017,14623
1384,5162,20.3,2,4/21/2016,14623
1385,5162,19.8,2,8/4/2016,14623
1386,5162,18.1,2,2/5/2017,14623
1387,5162,17.8,2,12/22/2017,14623
1388,5162,18.1,2,1/4/2017,24060
1389,5000,29.5,2,11/28/2017,24060
1390,5000,28.4,2,4/1/2016,24060
1391,5000,28.4,2,5/4/2017,24060
1392,5000,28.4,2,7/27/2017,24060
1394,5000,23.5,2,7/7/2017,24060
1398,5000,17.8,2,11/20/2017,24060
1399,5000,17.8,2,4/24/2017,24060
1402,4861,29.5,2,12/1/2016,24060
1403,4861,29.5,2,3/21/2017,24060
1405,4861,28.5,2,7/6/2017,24060
1407,4861,28.6,2,5/28/2016,24060
1408,4861,26.2,2,1/9/2016,24060
1409,4861,23.6,2,1/6/2017,24060
1411,4861,17.2,2,9/4/2017,24060
1414,4699,29.7,2,5/22/2016,24060
1415,4699,29.7,2,8/4/2016,24060
1417,4699,28.9,2,12/18/2016,24060
1418,4699,28.9,2,12/22/2017,24060
1419,4699,28.8,2,9/26/2017,24060
1422,4699,17.7,2,12/6/2016,24060
1430,4560,17.1,2,1/23/2017,24060
1433,4398,26.2,2,5/30/2016,24060
1440,4398,16.7,2,2/22/2017,24060
1441,4236,23.6,2,7/1/2016,24060
1443,4236,17.6,2,8/14/2016,24060
1446,4236,16.7,2,3/4/2016,24060
1448,4236,17,2,1/26/2016,24060
1449,4097,26.2,2,7/10/2017,24060
1452,4097,17.6,2,8/24/2016,24060
1453,4097,17.6,2,8/23/2017,24060
1455,4097,16.7,2,11/2/2016,24060
1459,3935,29.5,2,10/31/2016,24060
1460,3935,26.2,2,7/27/2017,24060
1461,3935,23.6,2,10/16/2017,24060
1464,3935,17.4,2,2/3/2017,24060
1465,3935,17.2,2,10/26/2017,24060
1466,3935,16.7,2,10/12/2016,24060
1468,3796,29.5,2,7/6/2017,24060
1469,3796,26.2,2,2/15/2016,24060
1470,3796,23.6,2,12/3/2016,24060
1479,3634,29.4,2,10/6/2016,24060
1480,3634,26.2,2,11/10/2016,24060
1483,3634,17.5,2,11/8/2017,24060
1484,3634,17.3,2,5/6/2016,24060
1486,3634,17,2,1/1/2017,24060
1487,3634,16.8,2,8/22/2016,24060
1489,3634,16.8,2,7/24/2017,24060
1491,3495,29.8,2,1/9/2017,24060
1493,3495,29.4,2,10/15/2017,24060
1494,3495,23.6,2,11/12/2017,24060
1500,3333,29.3,2,5/23/2017,24060
1503,3333,23.6,2,10/8/2016,24060
1505,3333,16.9,2,8/9/2016,24060
1506,3333,16.9,2,7/14/2017,24060
1508,3194,29.8,2,5/22/2017,24060
1510,3194,29.2,2,3/7/2017,24060
1511,3194,29.2,2,2/8/2017,24060
1513,3194,26.2,2,1/16/2017,24060
1514,3194,23.6,2,5/15/2016,24060
1515,3194,17.4,2,3/13/2017,24060
1517,3194,17.1,2,7/6/2017,24060
1519,3194,17,2,5/30/2016,24060
1521,3194,17,2,8/1/2016,24060
1526,3032,28.2,2,1/17/2017,24060
1527,3032,28.2,2,1/11/2017,24060
1528,3032,26.2,2,10/13/2017,24060
1529,3032,17.2,2,2/20/2017,24060
1530,3032,17.2,2,9/14/2016,24060
1531,3032,17.2,2,7/18/2016,24060
1534,3032,17.2,2,4/29/2017,24060
1535,2870,31.4,2,12/23/2017,24060
1536,2870,30.7,2,5/25/2017,24060
1537,2870,30.7,2,1/19/2017,24060
1538,2870,30.6,2,10/18/2017,24060
1539,2870,30.7,2,8/16/2016,24060
1541,2870,30.7,2,7/19/2016,24060
1542,2870,30.6,2,2/25/2017,24060
1544,2870,30.6,2,4/1/2017,24060
1546,2870,29.7,2,7/13/2016,24060
1550,2870,28.1,2,10/12/2017,24060
1551,2870,28.4,2,9/10/2016,24060
1552,2870,28.1,2,10/30/2016,24060
1554,2731,31.4,2,12/9/2017,24060
1555,2731,30.2,2,12/23/2017,24060
1557,2731,30.1,2,10/1/2017,24060
1558,2731,30,2,2/5/2017,24060
1559,2731,30.1,2,8/17/2016,24060
1560,2731,30.1,2,5/14/2017,24060
1562,2731,29.6,2,9/17/2017,24060
1563,2731,29.6,2,6/10/2017,24060
1567,2731,28.6,2,3/5/2017,24060
1568,2731,28,2,3/16/2016,24060
1569,2731,27.9,2,6/13/2017,24060
1570,2731,27.9,2,9/3/2017,24060
1571,2731,27,2,11/23/2017,24060
1573,2731,26.9,2,2/17/2017,24060
1574,2731,26.9,2,11/28/2016,24060
1576,2731,26.9,2,4/8/2017,24060
1577,2731,26.9,2,1/24/2016,24060
1578,2731,26.4,2,1/19/2016,24060
1581,2731,27,2,9/29/2017,24060
1582,2731,26.3,2,6/2/2016,24060
1585,2731,26.3,2,10/22/2017,24060
1587,2731,26.4,2,5/2/2017,24060
1588,2731,23.6,2,1/25/2017,24060
1590,2569,31.3,2,4/8/2017,24060
1591,2569,29.6,2,2/22/2016,24060
1594,2569,25.9,2,3/24/2017,24060
1595,2569,25.8,2,1/12/2016,24060
1597,2431,31.2,2,7/25/2017,24060
1604,2431,28.3,2,12/28/2016,24060
1606,2431,25.6,2,5/8/2016,24060
1607,2431,25.7,2,3/20/2016,24060
1608,2431,23.6,2,6/15/2016,24060
1609,2431,23.6,2,5/19/2016,24060
1612,2269,30.8,2,1/29/2017,24060
1613,2269,30.8,2,7/7/2016,24060
1614,2269,30.7,2,6/2/2016,24060
1615,2269,30.7,2,12/3/2016,24060
1616,2269,30.8,2,4/13/2017,24060
1617,2269,30.8,2,12/19/2017,24060
1619,2269,30.8,2,1/19/2016,24060
1622,2269,28.6,2,9/30/2017,24060
1623,2269,25.5,2,5/23/2016,24060
1625,2269,23.6,2,11/11/2016,24060
1626,2130,31.5,2,8/10/2017,24060
1629,2130,29.4,2,4/23/2017,24060
1631,2130,28.6,2,11/29/2016,24060
1632,2130,23.6,2,2/17/2017,24060
1633,1968,31.7,2,8/12/2017,24060
1636,1968,29.3,2,6/14/2017,24060
1637,1968,28.5,2,2/24/2016,24060
1640,1829,31.7,2,11/20/2016,24060
1642,1829,29.1,2,5/14/2017,24060
1643,1829,29.1,2,10/7/2017,24060
1644,1829,29.1,2,7/19/2017,24060
1646,1829,28.5,2,8/2/2017,24060
1649,1829,23.7,2,3/26/2016,24060
1652,1667,28.9,2,5/10/2016,24060
1653,1667,23.7,2,11/14/2017,24060
1654,1667,23.7,2,2/28/2017,24060
1656,1667,23.6,2,12/10/2016,24060
1659,1528,31.6,2,2/20/2016,24060
1660,1528,31.6,2,3/7/2016,24060
1661,1528,29,2,3/14/2016,24060
1662,1528,29,2,4/20/2016,24060
1666,1366,31,2,2/18/2016,24060
1667,1366,31.1,2,5/14/2017,24060
1668,1366,31.1,2,5/26/2016,24060
1669,1366,30.9,2,12/27/2016,24060
1670,1366,30.9,2,12/17/2016,24060
1671,1366,30.9,2,10/23/2016,24060
1672,1366,30.8,2,3/1/2017,24060
1674,1366,30.7,2,1/17/2016,24060
1676,1366,30.7,2,8/21/2017,24060
1677,1366,30.8,2,10/18/2017,24060
1679,1366,30.8,2,2/25/2016,24060
1681,1366,30.7,2,10/7/2016,24060
1682,1366,28.9,2,5/27/2017,24060
1683,1366,28.9,2,5/7/2016,24060
1684,1366,23.7,2,11/20/2017,24060
1686,1204,31.1,2,1/17/2017,24060
1690,1204,23.8,2,4/1/2016,24060
1691,1204,23.8,2,2/5/2017,24060
1692,1065,31.3,2,9/14/2016,24060
1694,1065,23.9,2,5/1/2016,24060
1695,1065,23.9,2,4/26/2016,24060
1696,903,31.4,2,3/19/2017,24060
1697,903,31.5,2,2/16/2017,24060
1698,903,30.2,2,7/9/2016,24060
1700,903,30.1,2,8/9/2016,24060
1701,903,30.1,2,1/28/2016,24060
1702,903,28.8,2,3/6/2016,24060
1703,903,28.8,2,5/15/2016,24060
1704,903,23.7,2,4/16/2016,24060
1706,903,23.7,2,8/22/2016,24060
1709,764,30.4,2,1/28/2017,24060
1710,764,28.9,2,8/22/2016,24060
1711,764,28.9,2,1/25/2017,24060
1712,764,23.9,2,12/7/2017,24060
1713,764,23.9,2,12/1/2017,24060
1714,602,31.4,2,8/9/2016,24060
1715,602,31.4,2,3/29/2017,24060
1716,602,30.7,2,6/1/2016,24060
1717,602,30.7,2,10/13/2016,24060
1719,602,30.8,2,5/24/2016,24060
1720,602,30.7,2,11/1/2016,24060
1721,602,30.6,2,1/29/2016,24060
1722,602,30.7,2,2/5/2016,24060
1723,602,30.6,2,9/2/2016,24060
1724,602,30.6,2,9/2/2017,24060
1725,602,29,2,4/30/2017,24060
1726,602,28.9,2,3/9/2016,24060
1727,602,29,2,1/27/2017,24060
1728,602,29,2,10/25/2017,24060
1729,602,28.4,2,10/24/2017,24060
1730,602,28.4,2,5/17/2016,24060
1731,602,28.4,2,11/21/2017,24060
1732,602,28.4,2,2/15/2016,24060
1733,602,27.6,2,2/4/2017,24060
1734,602,27.5,2,3/5/2017,24060
1736,602,27.5,2,3/23/2017,24060
1737,602,24.1,2,12/29/2017,24060
1738,602,24.1,2,8/10/2016,24060
1740,463,30.8,2,10/20/2017,24060
1741,463,30.8,2,5/12/2017,24060
1742,463,29.8,2,4/20/2016,24060
1743,463,29.7,2,9/5/2017,24060
1744,463,28.9,2,9/3/2016,24060
1745,463,28.7,2,12/20/2016,24060
1746,463,28.7,2,6/8/2017,24060
1748,463,28.7,2,2/19/2017,24060
1749,463,27.1,2,7/5/2016,24060
1750,463,27.1,2,10/27/2016,24060
1751,463,27.1,2,12/11/2016,24060
1752,463,24.4,2,9/30/2017,24060
1753,463,24.4,2,10/20/2016,24060
1754,463,24.4,2,2/25/2017,24060
1755,301,30.8,2,8/20/2017,24060
1756,301,30,2,9/17/2017,24060
1757,301,30,2,5/5/2017,24060
1758,301,30,2,9/7/2016,24060
1759,301,26.7,2,3/26/2017,24060
1760,301,26.6,2,5/16/2017,24060
1761,301,26.6,2,1/4/2016,24060
1762,301,26.6,2,5/13/2017,24060
1763,301,26.6,2,2/11/2016,24060
1764,301,24.9,2,7/24/2016,24060
1765,301,24.8,2,8/5/2016,24060
1767,301,24.9,2,9/13/2017,24060
1768,301,24.8,2,7/18/2016,24060
1769,301,24.8,2,3/5/2017,24060
1770,301,24.9,2,1/23/2017,24060
1771,162,30.7,2,6/6/2016,24060
1772,162,30.6,2,8/10/2016,24060
1773,162,30.6,2,6/27/2016,24060
1774,162,30.6,2,4/4/2017,24060
1775,162,30.6,2,12/30/2017,24060
1776,162,30.5,2,1/27/2016,24060
1777,162,30.6,2,5/30/2016,24060
1778,162,30.3,2,1/3/2016,24060
1779,162,30.4,2,12/25/2017,24060
1780,162,30.4,2,7/4/2017,24060
1781,162,30.4,2,3/23/2017,24060
1782,162,30.3,2,1/4/2016,24060
1783,162,30.4,2,10/13/2017,24060
1784,162,30.3,2,1/10/2016,24060
1785,162,30.3,2,1/29/2017,24060
1786,0,15,2,11/23/2016,24060
1,15000,16.9,2,3/19/2016,24060
2,15000,16.9,2,8/17/2016,24060
6,14861,16.8,2,12/1/2017,24060
7,14861,16.8,2,4/15/2016,24060
8,14699,17.3,2,11/21/2016,24060
10,14560,20.5,2,3/25/2017,24060
11,14560,20.6,2,7/3/2017,24060
13,14560,20.5,2,9/6/2017,24060
17,14560,20.4,2,9/18/2017,24060
18,14560,20.4,2,7/22/2016,24060
19,14560,19.8,2,10/3/2016,24060
20,14560,19.7,2,12/19/2016,24060
22,14560,19.7,2,6/24/2016,24060
24,14560,19.6,2,1/24/2017,24060
25,14560,19.6,2,8/28/2017,24060
27,14560,19.6,2,2/21/2017,24060
29,14560,17.4,2,6/26/2017,24060
30,14560,17.4,2,8/27/2016,24060
32,14398,20.9,2,5/10/2016,24060
37,14398,17.5,2,11/10/2016,24060
40,14398,17.1,2,1/23/2016,24060
42,14259,21.1,2,12/23/2016,24060
43,14259,21.1,2,9/30/2017,24060
46,14259,18.9,2,10/22/2017,24060
47,14259,17.5,2,5/11/2017,24060
49,14259,17.2,2,5/19/2017,24060
50,14259,16.7,2,6/14/2017,24060
51,14097,21.3,2,8/23/2016,24060
52,14097,21.3,2,7/30/2017,24060
54,14097,18.6,2,4/28/2016,24060
55,14097,18.6,2,4/11/2017,24060
57,14097,17.3,2,8/4/2016,24060
60,13958,21.4,2,1/17/2016,24060
61,13958,21.4,2,7/24/2016,24060
66,13958,17.6,2,3/27/2017,24060
68,13796,21.6,2,4/29/2016,24060
69,13796,21.6,2,4/20/2017,24060
71,13796,18.2,2,11/3/2016,24060
72,13796,18.2,2,5/10/2017,24060
73,13796,18.2,2,5/14/2017,24060
74,13796,18.1,2,6/15/2016,24060
76,13796,17.7,2,1/29/2017,24060
78,13796,17.7,2,7/28/2017,24060
82,13657,21.7,2,7/25/2016,24060
84,13657,17.7,2,4/26/2016,24060
85,13657,17.5,2,7/19/2016,24060
87,13495,21.8,2,3/8/2016,24060
88,13495,21.8,2,3/31/2017,24060
93,13333,21.9,2,10/25/2017,24060
94,13333,17.8,2,7/24/2017,24060
96,13333,16.9,2,11/12/2016,24060
97,13333,16.9,2,6/17/2016,24060
99,13333,16.9,2,5/11/2016,24060
100,13333,16.8,2,12/4/2017,24060
101,13333,16.8,2,4/20/2016,24060
103,13333,16.8,2,11/24/2016,24060
105,13194,17.8,2,9/15/2016,24060
106,13194,17.8,2,7/24/2017,24060
107,13194,17.2,2,2/5/2016,24060
110,13032,22.2,2,7/6/2016,24060
111,13032,17.7,2,11/10/2017,24060
115,12894,22.3,2,1/5/2017,24060
117,12894,17.8,2,4/1/2017,19446
118,12894,17.7,2,1/30/2016,19446
120,12894,17.3,2,7/6/2016,19446
122,12731,24.8,2,3/26/2017,19446
123,12731,24.8,2,5/22/2017,19446
124,12731,24.8,2,12/30/2016,19446
125,12731,24.8,2,4/18/2017,19446
127,12731,23.8,2,1/1/2017,19446
128,12731,23.7,2,9/22/2016,19446
129,12731,23.7,2,11/20/2017,19446
132,12731,22.4,2,2/24/2016,19446
133,12731,17.7,2,3/29/2016,19446
134,12731,17.4,2,7/1/2016,19446
137,12593,25.1,2,10/7/2017,19446
139,12593,25.1,2,10/7/2016,19446
140,12593,23.3,2,1/5/2016,19446
141,12593,23.3,2,1/13/2017,19446
142,12593,23.3,2,9/8/2016,19446
143,12593,23.3,2,1/10/2017,19446
145,12593,22.5,2,8/23/2017,19446
148,12593,16.8,2,1/27/2017,19446
152,12431,22.9,2,4/17/2017,19446
153,12431,22.9,2,2/23/2017,19446
154,12431,22.7,2,8/12/2017,19446
155,12431,22.7,2,4/6/2017,19446
157,12431,17.6,2,3/19/2017,19446
158,12431,16.9,2,8/12/2017,19446
159,12431,16.9,2,6/24/2017,19446
160,12431,16.9,2,12/12/2016,19446
161,12292,25.5,2,6/20/2017,19446
163,12292,22.7,2,5/18/2016,19446
165,12292,17.8,2,12/9/2017,19446
166,12292,17.6,2,11/15/2017,19446
169,12292,17.6,2,10/26/2016,19446
170,12292,17.6,2,11/9/2016,19446
171,12292,17.1,2,5/15/2017,19446
172,12292,17,2,2/10/2016,19446
173,12292,17,2,9/6/2016,19446
178,12130,22.4,2,11/18/2017,19446
181,12130,17.2,2,6/1/2017,19446
182,11968,25.8,2,11/15/2016,19446
183,11968,25.8,2,4/15/2017,19446
184,11968,22.2,2,3/25/2016,19446
186,11968,22.2,2,7/5/2016,19446
187,11968,17.7,2,5/1/2017,19446
188,11968,17.7,2,7/14/2016,19446
190,11829,29.7,2,9/12/2016,19446
191,11829,28.9,2,7/30/2017,19446
193,11829,28.8,2,5/18/2017,19446
198,11829,19,2,3/18/2016,19446
201,11829,18.2,2,11/11/2017,19446
202,11829,18.2,2,6/5/2016,19446
204,11829,17.3,2,2/8/2017,19446
206,11667,29.8,2,5/10/2017,19446
207,11667,29.5,2,1/17/2017,19446
209,11667,28.5,2,12/14/2017,19446
212,11667,26,2,2/29/2016,19446
213,11667,21.9,2,7/5/2016,19446
214,11667,21.9,2,11/25/2017,19446
217,11667,17.9,2,7/28/2017,19446
218,11667,18.1,2,4/27/2017,19446
220,11667,17.9,2,1/17/2017,19446
222,11528,29.8,2,11/29/2017,19446
224,11528,28.4,2,1/22/2017,19446
225,11528,28.4,2,8/15/2016,19446
226,11528,26,2,7/6/2016,19446
227,11528,26,2,4/1/2017,19446
229,11528,21.8,2,2/6/2016,19446
230,11528,19.3,2,8/21/2017,19446
231,11528,19.3,2,1/3/2017,19446
232,11528,18.1,2,2/22/2016,19446
234,11528,18,2,9/16/2016,19446
236,11528,17.8,2,9/10/2016,19446
238,11528,17.2,2,2/3/2016,19446
239,11366,29.8,2,12/31/2016,19446
242,11366,28.3,2,9/26/2016,19446
243,11366,28.3,2,5/18/2017,19446
244,11366,26.1,2,3/13/2016,19446
246,11366,19.4,2,2/10/2016,19446
248,11366,17.8,2,3/13/2016,19446
251,11227,29.6,2,4/13/2017,19446
252,11227,29.6,2,5/6/2016,19446
255,11227,29.6,2,5/27/2017,19446
256,11227,29.6,2,8/15/2017,19446
257,11227,28.7,2,5/29/2016,19446
261,11227,28.2,2,5/19/2016,19446
263,11227,26.2,2,9/12/2016,19446
264,11227,21.6,2,10/11/2016,19446
265,11227,21.6,2,6/10/2016,19446
266,11227,19.5,2,5/6/2016,19446
267,11227,19.5,2,9/16/2017,19446
268,11227,17.7,2,8/14/2017,19446
271,11065,29.9,2,7/31/2017,19446
273,11065,28.3,2,1/1/2016,19446
275,11065,28.3,2,12/10/2016,19446
276,11065,28.2,2,7/1/2016,19446
278,11065,26.2,2,11/19/2016,19446
280,11065,21.4,2,6/17/2016,19446
285,11065,17.4,2,2/10/2017,19446
286,11065,17.4,2,2/28/2017,19446
287,11065,17.3,2,2/11/2017,19446
290,11065,17.3,2,1/3/2017,19446
291,10926,30.2,2,7/5/2017,19446
292,10926,30.1,2,10/24/2016,19446
294,10926,28,2,10/1/2016,19446
295,10926,28.1,2,5/1/2017,19446
296,10926,26.3,2,7/10/2016,19446
299,10926,19.6,2,1/19/2017,19446
301,10764,30.3,2,4/6/2016,19446
303,10764,30.4,2,3/13/2016,19446
304,10764,27.8,2,12/29/2017,19446
307,10764,27.3,2,1/18/2017,19446
309,10764,27.2,2,8/15/2016,19446
312,10764,21.1,2,2/22/2016,19446
315,10764,19.7,2,11/3/2016,19446
316,10625,30.5,2,2/3/2016,19446
317,10625,30.5,2,4/15/2017,19446
319,10625,29.9,2,2/8/2017,19446
322,10625,28.9,2,11/6/2016,19446
323,10625,28.9,2,3/22/2016,19446
324,10625,27.6,2,12/20/2017,19446
325,10625,27.6,2,8/5/2017,19446
326,10625,27.5,2,6/15/2017,19446
327,10625,27.5,2,8/16/2017,19446
331,10625,20.8,2,3/24/2016,19446
336,10463,31.3,2,2/29/2016,19446
339,10463,30.1,2,1/18/2016,19446
340,10463,30.1,2,9/16/2016,19446
342,10463,28.5,2,5/19/2017,19446
344,10463,27.8,2,12/16/2017,19446
345,10463,27.4,2,3/31/2017,19446
346,10463,27.8,2,8/19/2017,19446
348,10463,25.8,2,8/16/2016,19446
349,10463,25.8,2,1/25/2016,19446
350,10463,20.3,2,8/9/2016,19446
352,10463,20.4,2,6/27/2017,19446
353,10463,20.3,2,5/20/2017,19446
354,10463,20.3,2,4/14/2017,19446
355,10463,19.8,2,12/8/2016,19446
356,10301,31.4,2,5/10/2016,19446
358,10301,30.8,2,7/22/2016,19446
359,10301,30.8,2,4/26/2017,19446
361,10301,29.7,2,2/4/2016,19446
362,10301,29.6,2,8/23/2017,19446
363,10301,29.7,2,7/29/2016,19446
364,10301,28.4,2,8/1/2017,19446
366,10301,28.3,2,8/7/2017,19446
368,10301,27.3,2,7/23/2017,19446
369,10301,27.3,2,11/15/2017,19446
370,10301,27.4,2,11/23/2017,19446
371,10301,27.2,2,2/13/2016,19446
373,10301,27.3,2,12/8/2017,19446
374,10301,27.3,2,4/13/2016,19446
378,10301,27.3,2,7/2/2017,19446
380,10301,26.5,2,8/6/2017,19446
381,10301,26.6,2,11/16/2017,19446
382,10301,26.6,2,12/4/2016,19446
384,10301,25.7,2,9/24/2016,19446
388,10301,19.5,2,11/21/2016,19446
389,10301,19.5,2,10/19/2016,19446
390,10162,31.3,2,6/19/2017,19446
392,10162,30.9,2,11/20/2016,19446
394,10162,30.3,2,10/5/2016,19446
395,10162,29.9,2,8/10/2017,19446
396,10162,29.9,2,10/10/2017,19446
400,10162,28.2,2,8/17/2017,19446
402,10162,28.1,2,5/12/2017,19446
403,10162,27.5,2,5/3/2017,19446
404,10162,27.1,2,9/9/2017,19446
408,10162,25.5,2,11/23/2017,19446
412,10000,31.5,2,10/26/2017,19446
414,10000,31,2,12/17/2017,19446
415,10000,30.3,2,3/2/2016,19446
417,10000,30,2,5/27/2017,19446
420,10000,28.2,2,6/29/2017,19446
421,10000,27,2,1/17/2017,19446
424,10000,25.5,2,1/11/2017,19446
425,10000,18.8,2,3/12/2016,19446
426,10000,18.7,2,10/4/2016,19446
427,10000,18.7,2,11/15/2017,19446
429,9861,31.1,2,2/27/2016,19446
430,9861,31.1,2,6/3/2017,19446
434,9861,30,2,9/12/2016,19446
436,9861,29.6,2,3/18/2017,19446
437,9861,29.1,2,5/17/2017,19446
440,9861,26.9,2,8/27/2017,19446
441,9861,26.3,2,7/1/2016,19446
443,9861,25.4,2,6/11/2016,19446
444,9861,18.5,2,8/26/2016,19446
445,9861,18.5,2,3/9/2016,19446
451,9699,28.9,2,12/4/2017,19446
453,9699,26.8,2,5/6/2016,19446
456,9699,26.3,2,5/23/2016,19446
458,9699,25.3,2,7/13/2017,19446
459,9699,18.3,2,12/31/2016,19446
462,9560,31.2,2,7/20/2016,19446
464,9560,30.3,2,4/22/2016,19446
465,9560,30.1,2,7/27/2016,19446
466,9560,29.6,2,11/8/2017,19446
467,9560,28.8,2,4/10/2016,19446
469,9560,26.2,2,9/6/2016,19446
470,9560,25.3,2,5/6/2016,19446
474,9560,24.1,2,6/8/2016,19446
476,9560,24,2,7/22/2017,19446
477,9560,24.1,2,1/31/2017,19446
480,9398,31.5,2,11/28/2017,19446
481,9398,31.3,2,3/20/2016,19446
482,9398,31.3,2,6/9/2016,19446
486,9398,29.6,2,5/13/2016,19446
487,9398,29.6,2,10/1/2016,19446
488,9398,29.3,2,11/23/2017,19446
489,9398,29.3,2,11/28/2017,19446
490,9398,29.5,2,1/17/2017,19446
492,9398,29.2,2,5/12/2016,19446
493,9398,29.2,2,5/28/2017,19446
494,9398,29.2,2,5/10/2017,19446
495,9398,29.2,2,2/25/2016,19446
496,9398,29.2,2,2/25/2017,19446
499,9398,29.1,2,2/28/2016,19446
501,9398,29.5,2,1/4/2016,19446
503,9398,27.8,2,10/1/2016,19446
505,9398,29.3,2,4/27/2016,19446
507,9398,27.8,2,8/23/2016,19446
508,9398,26.8,2,7/9/2017,19446
509,9398,25.3,2,11/30/2017,19446
510,9398,26.2,2,12/12/2017,19446
511,9398,24.9,2,1/7/2016,19446
514,9398,23.6,2,2/13/2017,19446
515,9398,23.6,2,9/26/2017,19446
516,9398,23.6,2,11/15/2017,19446
518,9398,18,2,12/16/2017,19446
520,9259,31.6,2,1/29/2017,19446
521,9259,30.3,2,4/5/2017,19446
522,9259,30.1,2,4/21/2016,19446
523,9259,30.1,2,7/5/2017,19446
524,9259,29.4,2,5/26/2016,19446
526,9259,29.5,2,3/13/2016,19446
528,9259,29.3,2,12/24/2016,19446
529,9259,29.2,2,8/20/2016,19446
530,9259,29.4,2,9/17/2017,19446
533,9259,29.1,2,4/14/2017,19446
534,9259,29.3,2,5/13/2017,19446
535,9259,29.2,2,6/11/2017,19446
536,9259,29.4,2,12/14/2017,19446
537,9259,29.2,2,2/22/2017,19446
540,9259,29.2,2,1/26/2017,19446
545,9259,29.3,2,11/23/2016,19446
546,9259,29.3,2,10/26/2016,19446
548,9259,28.8,2,9/14/2016,19446
549,9259,29.2,2,12/23/2016,19446
550,9259,28.2,2,3/9/2017,19446
552,9259,27.6,2,12/6/2017,19446
557,9259,25,2,5/6/2017,19446
558,9259,23.3,2,8/6/2017,19446
559,9259,23.3,2,8/25/2016,19446
561,9259,17.8,2,7/13/2017,19446
562,9259,17.8,2,4/9/2016,19446
566,9097,31.4,2,2/24/2016,19446
567,9097,30.3,2,12/10/2017,19446
568,9097,30.1,2,9/12/2016,19446
571,9097,29.4,2,7/12/2017,19446
572,9097,29.5,2,7/17/2016,19446
575,9097,29.4,2,10/15/2016,19446
577,9097,29.3,2,6/30/2016,19446
579,9097,29.1,2,5/13/2016,19446
581,9097,29.2,2,9/29/2016,19446
583,9097,29.2,2,4/27/2016,19446
584,9097,29.4,2,10/24/2017,19446
585,9097,29.3,2,2/25/2017,19446
587,9097,29.3,2,8/1/2017,19446
589,9097,29.2,2,3/16/2017,19446
590,9097,28.2,2,2/10/2017,19446
591,9097,29.1,2,11/26/2016,19446
593,9097,29.3,2,4/10/2017,19446
595,9097,27.5,2,1/6/2017,19446
596,9097,26.7,2,10/7/2017,19446
597,9097,26.2,2,9/11/2016,19446
598,9097,25.1,2,8/2/2016,19446
599,9097,25.2,2,7/15/2016,19446
600,9097,25.1,2,2/21/2016,19446
603,9097,23,2,8/19/2016,19446
606,9097,17.5,2,11/5/2016,19446
607,9097,17.6,2,6/22/2017,19446
608,9097,17.4,2,3/25/2016,19446
609,9097,17.5,2,5/24/2017,19446
610,9097,17.3,2,8/2/2016,19446
611,9097,17.5,2,9/18/2017,19446
614,9097,15.8,2,8/21/2016,19446
615,9097,15.8,2,6/24/2017,19446
616,9097,15.9,2,8/2/2017,48328
621,8935,31.4,2,11/20/2016,48328
623,8935,30.1,2,9/28/2016,48328
624,8935,30.2,2,7/19/2017,48328
625,8935,29.5,2,8/24/2017,48328
626,8935,29.4,2,2/1/2016,48328
627,8935,29.5,2,5/16/2016,48328
628,8935,29.4,2,7/26/2016,48328
632,8935,29.3,2,2/23/2016,48328
634,8935,29.4,2,8/9/2017,48328
635,8935,29.2,2,3/23/2016,48328
636,8935,29.2,2,6/17/2017,48328
641,8935,29.2,2,4/23/2017,48328
643,8935,28.9,2,1/8/2016,48328
648,8935,26.1,2,11/18/2017,48328
650,8935,25.2,2,7/30/2017,48328
652,8935,22.8,2,9/10/2017,48328
656,8935,16.3,2,10/23/2017,48328
657,8796,31.9,2,1/24/2017,48328
659,8796,30.2,2,3/16/2016,48328
660,8796,30.1,2,10/3/2016,48328
662,8796,29,2,1/9/2017,48328
663,8796,29,2,1/18/2017,48328
664,8796,28.1,2,8/24/2017,48328
669,8796,26.1,2,8/29/2017,48328
671,8796,25.1,2,2/19/2016,48328
672,8796,22.6,2,8/3/2016,48328
673,8796,22.6,2,7/24/2016,48328
674,8796,22.6,2,4/12/2017,48328
676,8796,17.3,2,12/29/2017,48328
677,8796,17.2,2,12/4/2017,48328
678,8796,17.3,2,8/31/2017,48328
679,8796,17.2,2,10/15/2016,48328
681,8796,17.3,2,5/2/2016,48328
682,8796,17.2,2,7/14/2016,48328
683,8796,16.4,2,11/19/2017,48328
685,8796,15.9,2,3/30/2016,48328
687,8796,15.9,2,4/14/2017,48328
691,8634,31.9,2,6/26/2017,48328
695,8634,30,2,8/12/2017,48328
697,8634,29.5,2,6/16/2017,48328
699,8634,28.1,2,9/7/2017,48328
703,8634,26.1,2,12/13/2017,48328
705,8634,22.4,2,5/30/2016,48328
706,8634,22.4,2,7/16/2016,48328
707,8634,17.5,2,3/25/2017,48328
712,8495,30.2,2,8/10/2016,48328
716,8495,29.7,2,6/29/2016,48328
717,8495,29.7,2,12/24/2016,48328
718,8495,28,2,6/3/2016,48328
719,8495,28,2,5/24/2016,48328
722,8495,26.1,2,9/24/2017,48328
724,8495,22.3,2,2/12/2016,48328
726,8495,17.5,2,4/29/2017,48328
727,8495,17.5,2,12/31/2017,48328
730,8333,31.8,2,9/13/2016,48328
734,8333,27.9,2,8/8/2016,48328
737,8333,26.1,2,9/9/2017,48328
738,8333,25.1,2,5/23/2016,48328
739,8333,25.1,2,12/22/2016,48328
741,8333,17.4,2,2/5/2016,48328
742,8333,17.4,2,11/24/2017,48328
743,8333,17.4,2,8/25/2017,48328
744,8194,31.9,2,5/1/2017,48328
748,8194,28.4,2,3/20/2016,48328
750,8194,27.9,2,1/13/2017,48328
751,8194,26.7,2,9/5/2017,48328
752,8194,26.1,2,5/7/2016,48328
753,8194,26.1,2,11/9/2016,48328
755,8194,22.1,2,9/3/2016,48328
757,8194,22,2,4/26/2017,48328
758,8194,17.3,2,5/22/2016,48328
767,8032,26.1,2,8/9/2017,48328
769,8032,25.1,2,7/29/2016,48328
771,8032,23.4,2,9/25/2016,48328
774,8032,23.4,2,3/29/2016,48328
776,8032,22.5,2,3/27/2017,48328
778,8032,22.6,2,4/14/2017,48328
783,8032,22.7,2,6/19/2016,48328
785,8032,17.7,2,2/2/2017,48328
786,7894,32,2,3/7/2016,48328
789,7894,29.9,2,8/2/2016,48328
792,7894,29.5,2,3/23/2017,48328
794,7894,28.4,2,11/18/2016,48328
796,7894,28,2,2/4/2016,48328
799,7894,26.1,2,10/20/2016,48328
802,7894,21.8,2,12/2/2016,48328
803,7894,17.7,2,9/25/2017,48328
806,7731,31.5,2,6/19/2016,48328
807,7731,30.3,2,12/21/2017,48328
808,7731,30,2,3/8/2017,48328
811,7731,29.4,2,9/1/2016,48328
812,7731,29.3,2,9/30/2017,48328
814,7731,29.3,2,11/3/2016,48328
818,7731,29.1,2,3/25/2016,48328
819,7731,29.3,2,8/30/2016,48328
820,7731,29.2,2,11/26/2016,48328
824,7731,28.1,2,1/27/2017,48328
825,7731,26.5,2,7/10/2017,48328
827,7731,26.7,2,2/5/2017,48328
828,7731,26.5,2,8/24/2016,48328
829,7731,26.4,2,8/26/2017,48328
831,7731,26.4,2,7/15/2017,48328
832,7731,26.3,2,10/24/2017,48328
840,7731,25.1,2,10/19/2016,48328
843,7731,21.7,2,12/2/2017,48328
845,7731,17.6,2,8/6/2016,48328
847,7593,32,2,3/9/2016,48328
848,7593,31.4,2,5/1/2016,48328
850,7593,30,2,1/23/2017,48328
851,7593,29.4,2,4/3/2016,48328
855,7593,27.7,2,9/3/2016,48328
856,7593,27.7,2,2/14/2017,48328
857,7593,26.7,2,9/17/2017,48328
858,7593,25.2,2,10/10/2016,48328
863,7431,32,2,9/13/2017,48328
864,7431,31.7,2,8/10/2016,48328
866,7431,31.4,2,12/11/2016,48328
867,7431,31.4,2,6/25/2016,48328
869,7431,30.3,2,8/17/2016,48328
871,7431,29.4,2,5/7/2016,48328
872,7431,29.3,2,7/9/2016,48328
876,7431,29.2,2,1/12/2017,48328
878,7431,29.2,2,3/11/2016,48328
881,7431,29.1,2,4/17/2017,48328
885,7431,29.2,2,6/27/2017,48328
887,7431,29.4,2,1/10/2016,48328
888,7431,29.3,2,9/29/2016,48328
889,7431,29.2,2,7/8/2016,48328
890,7431,29.1,2,10/1/2016,48328
891,7431,28.1,2,2/1/2016,48328
894,7431,26.7,2,2/7/2016,48328
896,7431,21.7,2,1/12/2017,48328
899,7431,21.6,2,12/6/2016,48328
900,7431,17.6,2,9/30/2017,48328
902,7431,17.6,2,2/11/2016,48328
905,7269,31.9,2,5/7/2017,48328
908,7269,31.7,2,3/15/2016,48328
910,7269,30.4,2,7/11/2016,48328
912,7269,29.4,2,9/18/2016,48328
913,7269,29.3,2,2/26/2016,48328
914,7269,29.4,2,8/30/2017,48328
915,7269,29.3,2,9/1/2016,48328
917,7269,29.3,2,9/9/2016,48328
920,7269,29,2,1/21/2016,48328
921,7269,29.2,2,1/3/2016,48328
922,7269,29.2,2,3/6/2017,48328
925,7269,28.7,2,9/24/2017,48657
929,7269,29,2,12/24/2017,48657
932,7269,29.1,2,6/8/2016,48657
936,7269,29.1,2,8/14/2017,48657
940,7269,29.4,2,2/8/2016,48657
944,7269,21.1,2,10/26/2016,48657
945,7269,21.1,2,11/17/2016,48657
947,7130,31.7,2,2/20/2016,48657
949,7130,31.3,2,11/22/2017,48657
951,7130,30.4,2,9/12/2017,48657
953,7130,29.5,2,6/14/2016,48657
954,7130,29.5,2,6/16/2016,48657
955,7130,29.4,2,7/3/2017,48657
956,7130,29.3,2,7/18/2017,48657
957,7130,29.4,2,8/19/2016,48657
959,7130,29.2,2,4/14/2017,48328
962,7130,29.2,2,2/13/2017,48328
963,7130,29.3,2,10/26/2016,48328
965,7130,29.2,2,3/12/2017,48328
969,7130,29.1,2,1/9/2017,48328
971,7130,29.1,2,10/20/2017,48328
975,7130,29,2,9/14/2017,48328
976,7130,29.3,2,9/13/2016,48328
977,7130,28.1,2,5/5/2017,48328
980,7130,29,2,8/11/2016,48328
981,7130,29,2,1/7/2017,48328
982,7130,29.4,2,1/14/2017,48328
983,7130,29.3,2,9/13/2016,48328
986,7130,27.6,2,10/28/2017,48328
987,7130,26.2,2,2/11/2017,48328
989,7130,20.9,2,6/6/2016,48328
991,7130,20.9,2,6/2/2016,48328
992,7130,21.6,2,4/22/2017,48328
994,7130,17.7,2,10/27/2017,48328
995,7130,17.7,2,5/28/2016,48328
999,6968,30.4,2,8/8/2016,48328
1000,6968,30.4,2,3/22/2016,48328
1001,6968,30,2,12/30/2016,48328
1002,6968,29.5,2,7/13/2016,48328
1010,6968,29.2,2,11/11/2017,48328
1011,6968,29.1,2,9/8/2017,48328
1012,6968,29.1,2,3/16/2017,48328
1013,6968,28.7,2,1/16/2016,48328
1014,6968,29.2,2,3/21/2017,48328
1015,6968,28,2,6/7/2016,48328
1016,6968,28,2,9/16/2016,48328
1019,6968,26.8,2,12/6/2017,48328
1020,6968,26.2,2,1/3/2017,48328
1022,6968,25.3,2,1/30/2016,48328
1024,6968,25.3,2,7/14/2016,48328
1025,6968,21.6,2,2/21/2016,48328
1026,6968,20.6,2,2/26/2016,48328
1027,6968,20.6,2,6/7/2017,48328
1028,6968,17.6,2,3/1/2017,48328
1029,6829,31.6,2,11/7/2017,48328
1033,6829,30.4,2,12/21/2017,48328
1034,6829,30,2,3/1/2016,48328
1039,6829,26.2,2,4/24/2017,48328
1044,6829,20.6,2,9/29/2016,48328
1046,6829,20.3,2,4/9/2016,48328
1047,6829,20.3,2,3/28/2016,48328
1052,6829,17.8,2,2/3/2016,48328
1055,6667,31.1,2,8/25/2016,48328
1057,6667,30,2,3/28/2016,48328
1061,6667,28.9,2,1/26/2016,48328
1063,6667,26.4,2,7/1/2016,48328
1064,6667,26.3,2,3/29/2016,48328
1066,6667,26.3,2,11/27/2016,48328
1068,6667,26.3,2,9/8/2017,48328
1070,6667,25.4,2,1/17/2017,48328
1074,6667,20.8,2,1/12/2016,48328
1081,6667,19.8,2,4/11/2016,48328
1082,6667,19.9,2,2/14/2016,48328
1083,6667,19.9,2,11/7/2016,48328
1084,6667,17.9,2,11/24/2016,48328
1085,6667,18,2,6/2/2017,48328
1086,6528,31.5,2,7/13/2016,48328
1087,6528,31,2,2/7/2016,48328
1088,6528,31,2,10/2/2017,48328
1092,6528,29.9,2,3/3/2017,48328
1093,6528,29.5,2,11/26/2017,48328
1097,6528,29.2,2,7/10/2017,48328
1100,6528,29.2,2,6/29/2016,48328
1101,6528,29.3,2,4/12/2017,48657
1102,6528,29.2,2,3/13/2017,48657
1104,6528,27,2,11/22/2016,48657
1106,6528,26.3,2,6/17/2016,48657
1107,6528,26.3,2,3/19/2017,48657
1109,6528,25,2,8/1/2017,48657
1114,6528,21.1,2,12/20/2017,48657
1115,6528,21,2,1/7/2017,48657
1118,6528,19.2,2,10/10/2017,48657
1119,6528,19.2,2,12/22/2017,48657
1120,6528,19.3,2,9/15/2016,48657
1121,6528,19.3,2,7/4/2016,48657
1123,6528,19.4,2,9/4/2017,48657
1124,6528,19.2,2,11/2/2016,48657
1127,6528,19.3,2,6/9/2016,48657
1128,6528,19.2,2,2/23/2017,48657
1129,6528,19.4,2,12/31/2016,48657
1132,6366,31.4,2,3/17/2016,48657
1134,6366,31.3,2,5/2/2016,48657
1136,6366,31.3,2,8/17/2016,48657
1140,6366,30.9,2,5/24/2017,48657
1146,6366,29.4,2,1/18/2017,48657
1147,6366,29.4,2,9/16/2017,48657
1148,6366,28.1,2,3/10/2016,48657
1152,6366,27.5,2,9/4/2016,48657
1155,6366,27.1,2,5/13/2017,48657
1156,6366,26.4,2,4/24/2016,48657
1158,6366,25.5,2,7/29/2016,48657
1160,6366,24.9,2,2/27/2017,48657
1163,6366,21.3,2,6/23/2016,48657
1165,6366,18.1,2,10/17/2017,48657
1170,6366,15.7,2,1/23/2017,48657
1172,6227,30.9,2,5/16/2017,48657
1177,6227,30.8,2,6/17/2016,48657
1179,6227,30.2,2,2/6/2017,48657
1180,6227,30.2,2,3/23/2017,48657
1182,6227,29.6,2,1/16/2017,48657
1184,6227,29.3,2,2/27/2017,48657
1185,6227,28.3,2,10/5/2016,48657
1187,6227,27.9,2,2/19/2017,48657
1192,6227,27.3,2,6/29/2017,48657
1193,6227,26.9,2,6/9/2017,48657
1194,6227,27,2,7/29/2017,48657
1196,6227,26.5,2,5/17/2017,48657
1198,6227,26.5,2,5/15/2016,48657
1200,6227,25.7,2,6/28/2017,48657
1201,6227,24.7,2,8/27/2017,48657
1206,6227,21.5,2,10/10/2017,48657
1209,6227,17.6,2,12/3/2017,48657
1210,6227,17.8,2,7/11/2016,48657
1211,6227,17.6,2,12/9/2016,48657
1213,6227,15.8,2,2/12/2016,48657
1214,6065,30.7,2,1/28/2017,48657
1217,6065,30.1,2,4/21/2017,48657
1218,6065,28.6,2,2/24/2016,48657
1219,6065,28.5,2,5/25/2016,48657
1221,6065,27.8,2,1/15/2016,48657
1225,6065,25.8,2,5/4/2017,48657
1226,6065,24.6,2,6/28/2017,48657
1228,6065,21.7,2,2/13/2017,48657
1230,6065,21.7,2,11/12/2016,48657
1231,6065,21.7,2,8/10/2016,48657
1233,6065,21.8,2,12/12/2016,48657
1234,6065,17.2,2,1/3/2017,48657
1235,6065,17.3,2,10/15/2017,48657
1238,6065,16,2,5/4/2017,48657
1240,6065,15.9,2,9/23/2017,48657
1241,5903,30.5,2,3/27/2017,48657
1242,5903,30.5,2,8/14/2016,48657
1243,5903,29.9,2,1/7/2016,48657
1245,5903,28.9,2,12/10/2016,48657
1249,5903,27.7,2,5/3/2016,48657
1250,5903,27.5,2,10/27/2016,48657
1251,5903,27.5,2,11/24/2017,48657
1252,5903,26,2,1/15/2016,48657
1254,5903,26,2,6/6/2017,48657
1255,5903,24.3,2,3/30/2017,48657
1257,5903,24.3,2,6/29/2016,48657
1258,5903,21.9,2,9/25/2017,48657
1262,5903,17.6,2,11/18/2016,48657
1263,5903,16.9,2,5/3/2017,48657
1266,5764,30.3,2,7/24/2016,48657
1267,5764,30.3,2,1/25/2016,48657
1268,5764,27.9,2,3/11/2017,48657
1270,5764,27.3,2,8/5/2017,48657
1271,5764,27.3,2,9/4/2017,48657
1273,5764,27.3,2,11/12/2017,48657
1275,5764,26.2,2,2/15/2017,48328
1276,5764,26.2,2,9/20/2016,48328
1279,5764,24.2,2,4/10/2017,48328
1280,5764,24.1,2,6/15/2016,48328
1282,5764,24.1,2,6/19/2016,48328
1283,5764,22.1,2,2/1/2017,48328
1289,5764,17.7,2,11/10/2016,48328
1291,5602,30.2,2,1/26/2017,48328
1292,5602,30.1,2,9/19/2016,48328
1295,5602,28.1,2,5/22/2017,48328
1296,5602,26.3,2,2/1/2016,48328
1299,5602,23.7,2,6/17/2016,48328
1303,5602,22.4,2,2/3/2016,48328
1306,5602,21,2,4/15/2017,48328
1308,5602,17,2,12/3/2016,48328
1312,5463,29.9,2,10/14/2016,48328
1313,5463,28.3,2,12/24/2017,48328
1314,5463,28.2,2,11/22/2017,48328
1317,5463,23.4,2,8/7/2017,48328
1318,5463,23.4,2,5/7/2017,48328
1320,5463,20.8,2,6/14/2016,48328
1323,5463,17,2,11/12/2017,48328
1325,5301,29.6,2,1/15/2016,48328
1327,5301,29.5,2,3/24/2016,48328
1328,5301,29.5,2,12/13/2016,48328
1334,5301,28.2,2,1/18/2017,48328
1339,5301,23.5,2,6/25/2017,48328
1341,5301,20.6,2,4/16/2016,48328
1344,5301,19.1,2,12/4/2016,48328
1345,5301,19.1,2,12/8/2017,48328
1346,5301,19.2,2,3/7/2016,48328
1348,5301,19.1,2,9/20/2016,48328
1351,5301,19.2,2,10/18/2017,48328
1352,5301,18.9,2,8/19/2016,48328
1356,5301,18.4,2,8/27/2017,48328
1358,5301,18.3,2,11/15/2016,48328
1360,5301,18.4,2,6/17/2017,48328
1362,5301,18.4,2,1/1/2017,48328
1363,5301,18.4,2,3/11/2017,48328
1364,5301,17.8,2,11/25/2016,48328
1366,5301,17.9,2,6/13/2017,48328
1367,5301,17,2,4/21/2016,48328
1370,5162,28.3,2,11/6/2016,48328
1371,5162,28.3,2,7/11/2017,48328
1373,5162,23.5,2,6/4/2017,48328
1379,5162,19.9,2,3/1/2017,48328
1380,5162,19.9,2,1/31/2017,48328
1382,5162,19.9,2,4/5/2016,48328
1393,5000,26.2,2,6/10/2016,48328
1395,5000,17.9,2,5/7/2016,48328
1396,5000,17.8,2,8/29/2016,48328
1397,5000,18,2,2/6/2017,48328
1400,5000,16.9,2,8/14/2017,48328
1401,4861,29.8,2,5/12/2017,48328
1404,4861,28.6,2,4/9/2017,48328
1406,4861,28.5,2,8/6/2017,48328
1410,4861,17.7,2,4/29/2016,48328
1412,4861,17.2,2,2/18/2016,48328
1413,4861,16.8,2,7/28/2017,48328
1416,4699,28.9,2,2/21/2017,48328
1420,4699,26.2,2,1/11/2016,48328
1421,4699,23.6,2,3/2/2016,48328
1423,4699,17.1,2,5/25/2016,48328
1424,4699,16.8,2,7/18/2016,48328
1425,4560,26.2,2,1/16/2016,48328
1426,4560,26.2,2,9/27/2017,48328
1427,4560,23.6,2,4/3/2017,48328
1428,4560,23.6,2,10/26/2016,48328
1429,4560,17.6,2,8/11/2016,48328
1431,4560,16.8,2,1/20/2017,48328
1432,4560,16.7,2,3/4/2016,48328
1434,4398,23.6,2,9/16/2017,48328
1435,4398,23.6,2,5/11/2017,48328
1436,4398,17.3,2,9/17/2017,48328
1437,4398,17.3,2,6/29/2016,48328
1438,4398,17,2,5/30/2017,48328
1439,4398,17,2,12/9/2017,48328
1442,4236,23.6,2,2/29/2016,48328
1444,4236,17.3,2,1/6/2016,48328
1445,4236,16.9,2,4/4/2017,48328
1447,4236,16.7,2,2/3/2016,48328
1450,4097,23.6,2,12/9/2017,48328
1451,4097,23.6,2,9/8/2017,48328
1454,4097,17.2,2,5/17/2017,48328
1456,3935,29.8,2,9/15/2016,48328
1457,3935,29.8,2,1/23/2016,48328
1458,3935,29.5,2,8/9/2016,48328
1462,3935,23.6,2,9/7/2017,48328
1463,3935,17.3,2,4/8/2017,48328
1467,3796,29.8,2,9/20/2016,48328
1471,3796,23.6,2,10/27/2016,48328
1472,3796,17.5,2,11/27/2017,48328
1473,3796,17.1,2,12/17/2016,48328
1474,3796,17.1,2,8/13/2016,48328
1475,3796,17.5,2,7/5/2017,48328
1476,3796,16.8,2,6/19/2017,48328
1477,3634,29.8,2,7/29/2017,48328
1478,3634,29.9,2,9/18/2017,48328
1481,3634,23.6,2,4/15/2017,48328
1482,3634,17.5,2,7/10/2016,48328
1485,3634,17,2,8/21/2016,48328
1488,3634,17,2,2/6/2017,48328
1490,3634,16.8,2,12/27/2017,48328
1492,3495,29.9,2,5/23/2016,48328
1495,3495,17.5,2,11/9/2016,48328
1496,3495,17.3,2,6/12/2016,48328
1497,3495,16.9,2,10/25/2016,48328
1498,3495,16.8,2,10/27/2017,48328
1499,3333,29.8,2,5/22/2016,48328
1501,3333,29.3,2,8/20/2017,48328
1502,3333,26.2,2,2/5/2016,48328
1504,3333,17.2,2,6/4/2016,48328
1507,3333,17.4,2,8/7/2016,48328
1509,3194,29.2,2,3/1/2016,48328
1512,3194,28.4,2,2/21/2017,48328
1516,3194,17,2,3/2/2016,48328
1518,3194,17,2,4/21/2017,48328
1520,3194,17,2,7/7/2017,48328
1522,3032,29.7,2,10/12/2016,48328
1523,3032,29,2,12/3/2016,48328
1524,3032,29,2,10/22/2017,48328
1525,3032,28.4,2,2/10/2017,48328
1532,3032,17.1,2,3/25/2017,48328
1533,3032,17.2,2,8/29/2017,48328
1540,2870,30.6,2,1/7/2016,48328
1543,2870,30.6,2,10/14/2016,48328
1545,2870,29.7,2,12/20/2016,48328
1547,2870,28.8,2,11/27/2017,48328
1548,2870,28.8,2,3/17/2016,48328
1549,2870,28.4,2,10/26/2017,48328
1553,2870,26.3,2,5/19/2016,48328
1556,2731,30.1,2,4/10/2016,48328
1561,2731,30.1,2,12/15/2017,48328
1564,2731,28.6,2,7/3/2017,48328
1565,2731,28.7,2,6/16/2017,48328
1566,2731,28.4,2,3/24/2016,48328
1572,2731,26.9,2,8/5/2017,48328
1575,2731,26.8,2,6/1/2016,48328
1579,2731,26.8,2,9/14/2017,48328
1580,2731,26.3,2,1/21/2016,48328
1583,2731,26.3,2,8/31/2017,48328
1584,2731,26.3,2,3/26/2016,48328
1586,2731,27,2,12/27/2016,48328
1589,2569,31.4,2,12/4/2017,48328
1592,2569,28.4,2,5/13/2016,48328
1593,2569,25.9,2,10/4/2017,48328
1596,2569,23.6,2,5/19/2016,48328
1598,2431,31.2,2,1/2/2016,48328
1599,2431,31.2,2,5/21/2016,48328
1600,2431,31.2,2,11/24/2016,48328
1601,2431,29.5,2,2/15/2017,48328
1602,2431,28.6,2,9/27/2017,48328
1603,2431,28.4,2,2/5/2017,48328
1605,2431,28.4,2,1/30/2017,48328
1610,2269,30.9,2,7/30/2017,48657
1611,2269,30.9,2,5/16/2017,48657
1618,2269,30.8,2,9/29/2016,48657
1620,2269,29.5,2,1/6/2016,48657
1621,2269,28.6,2,7/27/2017,48657
1624,2269,25.5,2,8/4/2016,48657
1627,2130,31.5,2,10/5/2016,48657
1628,2130,31.5,2,5/20/2017,48657
1630,2130,29.4,2,11/5/2017,48657
1634,1968,29.3,2,10/31/2017,48657
1635,1968,29.3,2,12/29/2016,48657
1638,1968,23.7,2,5/6/2017,48657
1639,1968,23.6,2,9/16/2016,48657
1641,1829,31.7,2,1/3/2017,48657
1645,1829,28.6,2,7/14/2016,48657
1647,1829,28.5,2,11/7/2017,48657
1648,1829,28.6,2,6/25/2017,48657
1650,1667,31.7,2,6/8/2017,48657
1651,1667,28.9,2,6/18/2016,48657
1655,1667,23.5,2,7/30/2016,48657
1657,1667,23.5,2,4/3/2016,48657
1658,1667,23.6,2,10/7/2017,48657
1663,1528,23.6,2,5/28/2017,48657
1664,1528,23.6,2,6/5/2017,48657
1665,1366,31.1,2,12/7/2017,48657
1673,1366,30.8,2,2/8/2017,48657
1675,1366,30.9,2,2/4/2016,48657
1678,1366,30.8,2,6/26/2016,48657
1680,1366,30.8,2,10/17/2016,48657
1685,1204,31.1,2,1/22/2017,48657
1687,1204,31.1,2,1/6/2017,48657
1688,1204,28.7,2,3/27/2017,48657
1689,1204,28.7,2,6/9/2016,48657
1693,1065,28.6,2,9/17/2016,48657
1699,903,30.2,2,11/13/2016,48657
1705,903,23.7,2,2/26/2016,48657
1707,764,30.4,2,7/1/2016,48657
1708,764,30.4,2,5/17/2016,48657
1718,602,30.7,2,12/21/2016,48657
1735,602,27.6,2,1/3/2016,48657
1739,602,24.2,2,2/16/2017,48657
1747,463,28.9,2,5/3/2016,48657
1766,301,24.8,2,12/4/2016,48657
